compound_name	disease_pctl	target	normalized_contribution
Topiramate	1	gamma-aminobutyric acid (GABA) A receptor	0.14443
Topiramate	1	cytochrome P450	0.037887
Topiramate	1	sodium channel	0.10185
Topiramate	1	glutamate receptor	0.50477
Topiramate	1	calcium channel	0
Topiramate	1	carbonic anhydrase	0.21106
Topiramate	1	cholinergic receptor	0
Topiramate	1	potassium channel	0
Topiramate	1	other	2.2204e-16
Ethotoin	0.9993	gamma-aminobutyric acid (GABA) A receptor	0
Ethotoin	0.9993	cytochrome P450	0.037966
Ethotoin	0.9993	sodium channel	0.96203
Ethotoin	0.9993	glutamate receptor	0
Ethotoin	0.9993	calcium channel	0
Ethotoin	0.9993	carbonic anhydrase	0
Ethotoin	0.9993	cholinergic receptor	0
Ethotoin	0.9993	potassium channel	0
Ethotoin	0.9993	other	-2.2204e-16
Quazepam	0.9987	gamma-aminobutyric acid (GABA) A receptor	0.90078
Quazepam	0.9987	cytochrome P450	0.099216
Quazepam	0.9987	sodium channel	0
Quazepam	0.9987	glutamate receptor	0
Quazepam	0.9987	calcium channel	0
Quazepam	0.9987	carbonic anhydrase	0
Quazepam	0.9987	cholinergic receptor	0
Quazepam	0.9987	potassium channel	0
Quazepam	0.9987	other	0
Alprazolam	0.998	gamma-aminobutyric acid (GABA) A receptor	0.87281
Alprazolam	0.998	cytochrome P450	0.10485
Alprazolam	0.998	sodium channel	0
Alprazolam	0.998	glutamate receptor	0
Alprazolam	0.998	calcium channel	0
Alprazolam	0.998	carbonic anhydrase	0
Alprazolam	0.998	cholinergic receptor	0
Alprazolam	0.998	potassium channel	0
Alprazolam	0.998	other	0.022342
Primidone	0.9974	gamma-aminobutyric acid (GABA) A receptor	0.45987
Primidone	0.9974	cytochrome P450	0.13037
Primidone	0.9974	sodium channel	0
Primidone	0.9974	glutamate receptor	0.22111
Primidone	0.9974	calcium channel	0
Primidone	0.9974	carbonic anhydrase	0
Primidone	0.9974	cholinergic receptor	0.16154
Primidone	0.9974	potassium channel	0
Primidone	0.9974	other	0.027123
Lorazepam	0.9967	gamma-aminobutyric acid (GABA) A receptor	0.81083
Lorazepam	0.9967	cytochrome P450	0
Lorazepam	0.9967	sodium channel	0
Lorazepam	0.9967	glutamate receptor	0
Lorazepam	0.9967	calcium channel	0
Lorazepam	0.9967	carbonic anhydrase	0
Lorazepam	0.9967	cholinergic receptor	0
Lorazepam	0.9967	potassium channel	0
Lorazepam	0.9967	other	0.18917
Gabapentin	0.9961	gamma-aminobutyric acid (GABA) A receptor	0
Gabapentin	0.9961	cytochrome P450	0
Gabapentin	0.9961	sodium channel	0
Gabapentin	0.9961	glutamate receptor	0
Gabapentin	0.9961	calcium channel	0.96793
Gabapentin	0.9961	carbonic anhydrase	0
Gabapentin	0.9961	cholinergic receptor	0
Gabapentin	0.9961	potassium channel	0
Gabapentin	0.9961	other	0.032068
Diazepam	0.9954	gamma-aminobutyric acid (GABA) A receptor	0.7017
Diazepam	0.9954	cytochrome P450	0.2061
Diazepam	0.9954	sodium channel	0
Diazepam	0.9954	glutamate receptor	0
Diazepam	0.9954	calcium channel	0
Diazepam	0.9954	carbonic anhydrase	0
Diazepam	0.9954	cholinergic receptor	0
Diazepam	0.9954	potassium channel	0
Diazepam	0.9954	other	0.092208
Methsuximide	0.9948	gamma-aminobutyric acid (GABA) A receptor	0
Methsuximide	0.9948	cytochrome P450	0.16677
Methsuximide	0.9948	sodium channel	0
Methsuximide	0.9948	glutamate receptor	0
Methsuximide	0.9948	calcium channel	0.83323
Methsuximide	0.9948	carbonic anhydrase	0
Methsuximide	0.9948	cholinergic receptor	0
Methsuximide	0.9948	potassium channel	0
Methsuximide	0.9948	other	1.1102e-16
Estazolam	0.9941	gamma-aminobutyric acid (GABA) A receptor	0.97895
Estazolam	0.9941	cytochrome P450	0.02105
Estazolam	0.9941	sodium channel	0
Estazolam	0.9941	glutamate receptor	0
Estazolam	0.9941	calcium channel	0
Estazolam	0.9941	carbonic anhydrase	0
Estazolam	0.9941	cholinergic receptor	0
Estazolam	0.9941	potassium channel	0
Estazolam	0.9941	other	1.1102e-16
Valproic Acid	0.9935	gamma-aminobutyric acid (GABA) A receptor	0
Valproic Acid	0.9935	cytochrome P450	0.31332
Valproic Acid	0.9935	sodium channel	0
Valproic Acid	0.9935	glutamate receptor	0
Valproic Acid	0.9935	calcium channel	0
Valproic Acid	0.9935	carbonic anhydrase	0
Valproic Acid	0.9935	cholinergic receptor	0
Valproic Acid	0.9935	potassium channel	0
Valproic Acid	0.9935	other	0.68668
Triazolam	0.9928	gamma-aminobutyric acid (GABA) A receptor	0.88319
Triazolam	0.9928	cytochrome P450	0.071374
Triazolam	0.9928	sodium channel	0
Triazolam	0.9928	glutamate receptor	0
Triazolam	0.9928	calcium channel	0
Triazolam	0.9928	carbonic anhydrase	0
Triazolam	0.9928	cholinergic receptor	0
Triazolam	0.9928	potassium channel	0
Triazolam	0.9928	other	0.045434
Oxazepam	0.9922	gamma-aminobutyric acid (GABA) A receptor	0.90017
Oxazepam	0.9922	cytochrome P450	0.044231
Oxazepam	0.9922	sodium channel	0
Oxazepam	0.9922	glutamate receptor	0
Oxazepam	0.9922	calcium channel	0
Oxazepam	0.9922	carbonic anhydrase	0
Oxazepam	0.9922	cholinergic receptor	0
Oxazepam	0.9922	potassium channel	0
Oxazepam	0.9922	other	0.055603
Temazepam	0.9915	gamma-aminobutyric acid (GABA) A receptor	0.85374
Temazepam	0.9915	cytochrome P450	0.11311
Temazepam	0.9915	sodium channel	0
Temazepam	0.9915	glutamate receptor	0
Temazepam	0.9915	calcium channel	0
Temazepam	0.9915	carbonic anhydrase	0
Temazepam	0.9915	cholinergic receptor	0
Temazepam	0.9915	potassium channel	0
Temazepam	0.9915	other	0.033151
Phenytoin	0.9909	gamma-aminobutyric acid (GABA) A receptor	0
Phenytoin	0.9909	cytochrome P450	0.15866
Phenytoin	0.9909	sodium channel	0.74257
Phenytoin	0.9909	glutamate receptor	0
Phenytoin	0.9909	calcium channel	0
Phenytoin	0.9909	carbonic anhydrase	0
Phenytoin	0.9909	cholinergic receptor	0
Phenytoin	0.9909	potassium channel	0
Phenytoin	0.9909	other	0.098776
Clorazepate	0.9902	gamma-aminobutyric acid (GABA) A receptor	0.8997
Clorazepate	0.9902	cytochrome P450	0.030949
Clorazepate	0.9902	sodium channel	0
Clorazepate	0.9902	glutamate receptor	0
Clorazepate	0.9902	calcium channel	0
Clorazepate	0.9902	carbonic anhydrase	0
Clorazepate	0.9902	cholinergic receptor	0
Clorazepate	0.9902	potassium channel	0
Clorazepate	0.9902	other	0.069347
Clonazepam	0.9896	gamma-aminobutyric acid (GABA) A receptor	0.7715
Clonazepam	0.9896	cytochrome P450	0.1025
Clonazepam	0.9896	sodium channel	0
Clonazepam	0.9896	glutamate receptor	0
Clonazepam	0.9896	calcium channel	0
Clonazepam	0.9896	carbonic anhydrase	0
Clonazepam	0.9896	cholinergic receptor	0
Clonazepam	0.9896	potassium channel	0
Clonazepam	0.9896	other	0.126
Oxcarbazepine	0.9889	gamma-aminobutyric acid (GABA) A receptor	0
Oxcarbazepine	0.9889	cytochrome P450	0.47837
Oxcarbazepine	0.9889	sodium channel	0.30492
Oxcarbazepine	0.9889	glutamate receptor	0
Oxcarbazepine	0.9889	calcium channel	0
Oxcarbazepine	0.9889	carbonic anhydrase	0
Oxcarbazepine	0.9889	cholinergic receptor	0
Oxcarbazepine	0.9889	potassium channel	0
Oxcarbazepine	0.9889	other	0.2167
Carbamazepine	0.9883	gamma-aminobutyric acid (GABA) A receptor	0
Carbamazepine	0.9883	cytochrome P450	0.23695
Carbamazepine	0.9883	sodium channel	0.61637
Carbamazepine	0.9883	glutamate receptor	0
Carbamazepine	0.9883	calcium channel	0
Carbamazepine	0.9883	carbonic anhydrase	0
Carbamazepine	0.9883	cholinergic receptor	0
Carbamazepine	0.9883	potassium channel	0
Carbamazepine	0.9883	other	0.14668
Midazolam	0.9876	gamma-aminobutyric acid (GABA) A receptor	0.782
Midazolam	0.9876	cytochrome P450	0.13692
Midazolam	0.9876	sodium channel	0
Midazolam	0.9876	glutamate receptor	0
Midazolam	0.9876	calcium channel	0
Midazolam	0.9876	carbonic anhydrase	0
Midazolam	0.9876	cholinergic receptor	0
Midazolam	0.9876	potassium channel	0
Midazolam	0.9876	other	0.081084
Flurazepam	0.987	gamma-aminobutyric acid (GABA) A receptor	0.91334
Flurazepam	0.987	cytochrome P450	0.057944
Flurazepam	0.987	sodium channel	0
Flurazepam	0.987	glutamate receptor	0
Flurazepam	0.987	calcium channel	0
Flurazepam	0.987	carbonic anhydrase	0
Flurazepam	0.987	cholinergic receptor	0
Flurazepam	0.987	potassium channel	0
Flurazepam	0.987	other	0.028711
Tiagabine	0.9863	gamma-aminobutyric acid (GABA) A receptor	0
Tiagabine	0.9863	cytochrome P450	0.074504
Tiagabine	0.9863	sodium channel	0
Tiagabine	0.9863	glutamate receptor	0
Tiagabine	0.9863	calcium channel	0
Tiagabine	0.9863	carbonic anhydrase	0
Tiagabine	0.9863	cholinergic receptor	0
Tiagabine	0.9863	potassium channel	0
Tiagabine	0.9863	other	0.9255
Felbamate	0.9857	gamma-aminobutyric acid (GABA) A receptor	0
Felbamate	0.9857	cytochrome P450	0.4736
Felbamate	0.9857	sodium channel	0
Felbamate	0.9857	glutamate receptor	0.5264
Felbamate	0.9857	calcium channel	0
Felbamate	0.9857	carbonic anhydrase	0
Felbamate	0.9857	cholinergic receptor	0
Felbamate	0.9857	potassium channel	0
Felbamate	0.9857	other	1.1102e-16
Chlordiazepoxide	0.985	gamma-aminobutyric acid (GABA) A receptor	0.93684
Chlordiazepoxide	0.985	cytochrome P450	0.063158
Chlordiazepoxide	0.985	sodium channel	0
Chlordiazepoxide	0.985	glutamate receptor	0
Chlordiazepoxide	0.985	calcium channel	0
Chlordiazepoxide	0.985	carbonic anhydrase	0
Chlordiazepoxide	0.985	cholinergic receptor	0
Chlordiazepoxide	0.985	potassium channel	0
Chlordiazepoxide	0.985	other	0
Amitriptyline	0.9844	gamma-aminobutyric acid (GABA) A receptor	0
Amitriptyline	0.9844	cytochrome P450	0.30745
Amitriptyline	0.9844	sodium channel	0
Amitriptyline	0.9844	glutamate receptor	0
Amitriptyline	0.9844	calcium channel	0
Amitriptyline	0.9844	carbonic anhydrase	0
Amitriptyline	0.9844	cholinergic receptor	0.073393
Amitriptyline	0.9844	potassium channel	0.28246
Amitriptyline	0.9844	other	0.3367
Lacosamide	0.9837	gamma-aminobutyric acid (GABA) A receptor	0
Lacosamide	0.9837	cytochrome P450	0
Lacosamide	0.9837	sodium channel	0.53229
Lacosamide	0.9837	glutamate receptor	0
Lacosamide	0.9837	calcium channel	0
Lacosamide	0.9837	carbonic anhydrase	0.46771
Lacosamide	0.9837	cholinergic receptor	0
Lacosamide	0.9837	potassium channel	0
Lacosamide	0.9837	other	0
Fosphenytoin	0.9831	gamma-aminobutyric acid (GABA) A receptor	0
Fosphenytoin	0.9831	cytochrome P450	0.57284
Fosphenytoin	0.9831	sodium channel	0.24268
Fosphenytoin	0.9831	glutamate receptor	0
Fosphenytoin	0.9831	calcium channel	0
Fosphenytoin	0.9831	carbonic anhydrase	0
Fosphenytoin	0.9831	cholinergic receptor	0
Fosphenytoin	0.9831	potassium channel	0
Fosphenytoin	0.9831	other	0.18448
Lamotrigine	0.9824	gamma-aminobutyric acid (GABA) A receptor	0
Lamotrigine	0.9824	cytochrome P450	0
Lamotrigine	0.9824	sodium channel	0.92712
Lamotrigine	0.9824	glutamate receptor	0
Lamotrigine	0.9824	calcium channel	0
Lamotrigine	0.9824	carbonic anhydrase	0
Lamotrigine	0.9824	cholinergic receptor	0
Lamotrigine	0.9824	potassium channel	0
Lamotrigine	0.9824	other	0.072878
Clobazam	0.9818	gamma-aminobutyric acid (GABA) A receptor	0.45111
Clobazam	0.9818	cytochrome P450	0.24492
Clobazam	0.9818	sodium channel	0
Clobazam	0.9818	glutamate receptor	0
Clobazam	0.9818	calcium channel	0
Clobazam	0.9818	carbonic anhydrase	0
Clobazam	0.9818	cholinergic receptor	0
Clobazam	0.9818	potassium channel	0
Clobazam	0.9818	other	0.30397
Pentobarbital	0.9811	gamma-aminobutyric acid (GABA) A receptor	0.51069
Pentobarbital	0.9811	cytochrome P450	0.071222
Pentobarbital	0.9811	sodium channel	0
Pentobarbital	0.9811	glutamate receptor	0.22028
Pentobarbital	0.9811	calcium channel	0
Pentobarbital	0.9811	carbonic anhydrase	0
Pentobarbital	0.9811	cholinergic receptor	0.1642
Pentobarbital	0.9811	potassium channel	0
Pentobarbital	0.9811	other	0.033612
Butabarbital	0.9805	gamma-aminobutyric acid (GABA) A receptor	0.37445
Butabarbital	0.9805	cytochrome P450	0
Butabarbital	0.9805	sodium channel	0
Butabarbital	0.9805	glutamate receptor	0.32789
Butabarbital	0.9805	calcium channel	0
Butabarbital	0.9805	carbonic anhydrase	0
Butabarbital	0.9805	cholinergic receptor	0.24441
Butabarbital	0.9805	potassium channel	0
Butabarbital	0.9805	other	0.053251
Secobarbital	0.9798	gamma-aminobutyric acid (GABA) A receptor	0.49464
Secobarbital	0.9798	cytochrome P450	0.042577
Secobarbital	0.9798	sodium channel	0
Secobarbital	0.9798	glutamate receptor	0.24431
Secobarbital	0.9798	calcium channel	0
Secobarbital	0.9798	carbonic anhydrase	0
Secobarbital	0.9798	cholinergic receptor	0.18231
Secobarbital	0.9798	potassium channel	0
Secobarbital	0.9798	other	0.036168
Bromazepam	0.9792	gamma-aminobutyric acid (GABA) A receptor	0.90262
Bromazepam	0.9792	cytochrome P450	0.097383
Bromazepam	0.9792	sodium channel	0
Bromazepam	0.9792	glutamate receptor	0
Bromazepam	0.9792	calcium channel	0
Bromazepam	0.9792	carbonic anhydrase	0
Bromazepam	0.9792	cholinergic receptor	0
Bromazepam	0.9792	potassium channel	0
Bromazepam	0.9792	other	0
Zonisamide	0.9785	gamma-aminobutyric acid (GABA) A receptor	0
Zonisamide	0.9785	cytochrome P450	0.031897
Zonisamide	0.9785	sodium channel	0.51146
Zonisamide	0.9785	glutamate receptor	0
Zonisamide	0.9785	calcium channel	0.08796
Zonisamide	0.9785	carbonic anhydrase	0.35982
Zonisamide	0.9785	cholinergic receptor	0
Zonisamide	0.9785	potassium channel	0
Zonisamide	0.9785	other	0.008865
Levetiracetam	0.9779	gamma-aminobutyric acid (GABA) A receptor	0
Levetiracetam	0.9779	cytochrome P450	0
Levetiracetam	0.9779	sodium channel	0
Levetiracetam	0.9779	glutamate receptor	0
Levetiracetam	0.9779	calcium channel	0.33654
Levetiracetam	0.9779	carbonic anhydrase	0
Levetiracetam	0.9779	cholinergic receptor	0
Levetiracetam	0.9779	potassium channel	0
Levetiracetam	0.9779	other	0.66346
Talbutal	0.9772	gamma-aminobutyric acid (GABA) A receptor	0.63161
Talbutal	0.9772	cytochrome P450	0
Talbutal	0.9772	sodium channel	0
Talbutal	0.9772	glutamate receptor	0.19391
Talbutal	0.9772	calcium channel	0
Talbutal	0.9772	carbonic anhydrase	0
Talbutal	0.9772	cholinergic receptor	0.14454
Talbutal	0.9772	potassium channel	0
Talbutal	0.9772	other	0.029935
Methylphenobarbital	0.9766	gamma-aminobutyric acid (GABA) A receptor	0.35823
Methylphenobarbital	0.9766	cytochrome P450	0.086129
Methylphenobarbital	0.9766	sodium channel	0
Methylphenobarbital	0.9766	glutamate receptor	0.29389
Methylphenobarbital	0.9766	calcium channel	0
Methylphenobarbital	0.9766	carbonic anhydrase	0
Methylphenobarbital	0.9766	cholinergic receptor	0.21945
Methylphenobarbital	0.9766	potassium channel	0
Methylphenobarbital	0.9766	other	0.042295
Heptabarbital	0.9759	gamma-aminobutyric acid (GABA) A receptor	0.39322
Heptabarbital	0.9759	cytochrome P450	0
Heptabarbital	0.9759	sodium channel	0
Heptabarbital	0.9759	glutamate receptor	0.32033
Heptabarbital	0.9759	calcium channel	0
Heptabarbital	0.9759	carbonic anhydrase	0
Heptabarbital	0.9759	cholinergic receptor	0.23889
Heptabarbital	0.9759	potassium channel	0
Heptabarbital	0.9759	other	0.047559
Nitrazepam	0.9753	gamma-aminobutyric acid (GABA) A receptor	0.82738
Nitrazepam	0.9753	cytochrome P450	0.038928
Nitrazepam	0.9753	sodium channel	0.11094
Nitrazepam	0.9753	glutamate receptor	0
Nitrazepam	0.9753	calcium channel	0
Nitrazepam	0.9753	carbonic anhydrase	0
Nitrazepam	0.9753	cholinergic receptor	0
Nitrazepam	0.9753	potassium channel	0
Nitrazepam	0.9753	other	0.022752
Butethal	0.9746	gamma-aminobutyric acid (GABA) A receptor	0.39308
Butethal	0.9746	cytochrome P450	0
Butethal	0.9746	sodium channel	0
Butethal	0.9746	glutamate receptor	0.32036
Butethal	0.9746	calcium channel	0
Butethal	0.9746	carbonic anhydrase	0
Butethal	0.9746	cholinergic receptor	0.23901
Butethal	0.9746	potassium channel	0
Butethal	0.9746	other	0.04756
Clotiazepam	0.974	gamma-aminobutyric acid (GABA) A receptor	0.85567
Clotiazepam	0.974	cytochrome P450	0.14433
Clotiazepam	0.974	sodium channel	0
Clotiazepam	0.974	glutamate receptor	0
Clotiazepam	0.974	calcium channel	0
Clotiazepam	0.974	carbonic anhydrase	0
Clotiazepam	0.974	cholinergic receptor	0
Clotiazepam	0.974	potassium channel	0
Clotiazepam	0.974	other	0
Fospropofol	0.9733	gamma-aminobutyric acid (GABA) A receptor	0.94673
Fospropofol	0.9733	cytochrome P450	0
Fospropofol	0.9733	sodium channel	0
Fospropofol	0.9733	glutamate receptor	0
Fospropofol	0.9733	calcium channel	0
Fospropofol	0.9733	carbonic anhydrase	0
Fospropofol	0.9733	cholinergic receptor	0
Fospropofol	0.9733	potassium channel	0
Fospropofol	0.9733	other	0.053268
Sevoflurane	0.9727	gamma-aminobutyric acid (GABA) A receptor	0.5901
Sevoflurane	0.9727	cytochrome P450	0.07611
Sevoflurane	0.9727	sodium channel	0
Sevoflurane	0.9727	glutamate receptor	0.079344
Sevoflurane	0.9727	calcium channel	0
Sevoflurane	0.9727	carbonic anhydrase	0
Sevoflurane	0.9727	cholinergic receptor	0
Sevoflurane	0.9727	potassium channel	0.21585
Sevoflurane	0.9727	other	0.038598
Aprobarbital	0.972	gamma-aminobutyric acid (GABA) A receptor	0.39293
Aprobarbital	0.972	cytochrome P450	0
Aprobarbital	0.972	sodium channel	0
Aprobarbital	0.972	glutamate receptor	0.32045
Aprobarbital	0.972	calcium channel	0
Aprobarbital	0.972	carbonic anhydrase	0
Aprobarbital	0.972	cholinergic receptor	0.23908
Aprobarbital	0.972	potassium channel	0
Aprobarbital	0.972	other	0.047539
Thiopental	0.9714	gamma-aminobutyric acid (GABA) A receptor	0.46396
Thiopental	0.9714	cytochrome P450	0.038117
Thiopental	0.9714	sodium channel	0
Thiopental	0.9714	glutamate receptor	0.2306
Thiopental	0.9714	calcium channel	0
Thiopental	0.9714	carbonic anhydrase	0
Thiopental	0.9714	cholinergic receptor	0.17251
Thiopental	0.9714	potassium channel	0
Thiopental	0.9714	other	0.094814
Halazepam	0.9707	gamma-aminobutyric acid (GABA) A receptor	1
Halazepam	0.9707	cytochrome P450	0
Halazepam	0.9707	sodium channel	0
Halazepam	0.9707	glutamate receptor	0
Halazepam	0.9707	calcium channel	0
Halazepam	0.9707	carbonic anhydrase	0
Halazepam	0.9707	cholinergic receptor	0
Halazepam	0.9707	potassium channel	0
Halazepam	0.9707	other	0
Phenobarbital	0.9701	gamma-aminobutyric acid (GABA) A receptor	0.096933
Phenobarbital	0.9701	cytochrome P450	0.31509
Phenobarbital	0.9701	sodium channel	0
Phenobarbital	0.9701	glutamate receptor	0.26051
Phenobarbital	0.9701	calcium channel	0
Phenobarbital	0.9701	carbonic anhydrase	0
Phenobarbital	0.9701	cholinergic receptor	0.19245
Phenobarbital	0.9701	potassium channel	0
Phenobarbital	0.9701	other	0.13501
Desflurane	0.9688	gamma-aminobutyric acid (GABA) A receptor	0.64941
Desflurane	0.9688	cytochrome P450	0
Desflurane	0.9688	sodium channel	0
Desflurane	0.9688	glutamate receptor	0.08295
Desflurane	0.9688	calcium channel	0
Desflurane	0.9688	carbonic anhydrase	0
Desflurane	0.9688	cholinergic receptor	0
Desflurane	0.9688	potassium channel	0.21987
Desflurane	0.9688	other	0.047774
Fludiazepam	0.9681	gamma-aminobutyric acid (GABA) A receptor	1
Fludiazepam	0.9681	cytochrome P450	0
Fludiazepam	0.9681	sodium channel	0
Fludiazepam	0.9681	glutamate receptor	0
Fludiazepam	0.9681	calcium channel	0
Fludiazepam	0.9681	carbonic anhydrase	0
Fludiazepam	0.9681	cholinergic receptor	0
Fludiazepam	0.9681	potassium channel	0
Fludiazepam	0.9681	other	0
Amobarbital	0.9675	gamma-aminobutyric acid (GABA) A receptor	0.39668
Amobarbital	0.9675	cytochrome P450	0.019493
Amobarbital	0.9675	sodium channel	0
Amobarbital	0.9675	glutamate receptor	0.31594
Amobarbital	0.9675	calcium channel	0
Amobarbital	0.9675	carbonic anhydrase	0
Amobarbital	0.9675	cholinergic receptor	0.22859
Amobarbital	0.9675	potassium channel	0
Amobarbital	0.9675	other	0.039304
Butalbital	0.9668	gamma-aminobutyric acid (GABA) A receptor	0.50532
Butalbital	0.9668	cytochrome P450	0
Butalbital	0.9668	sodium channel	0
Butalbital	0.9668	glutamate receptor	0.25998
Butalbital	0.9668	calcium channel	0
Butalbital	0.9668	carbonic anhydrase	0
Butalbital	0.9668	cholinergic receptor	0.19371
Butalbital	0.9668	potassium channel	0
Butalbital	0.9668	other	0.040996
Prazepam	0.9662	gamma-aminobutyric acid (GABA) A receptor	0.97896
Prazepam	0.9662	cytochrome P450	0.021039
Prazepam	0.9662	sodium channel	0
Prazepam	0.9662	glutamate receptor	0
Prazepam	0.9662	calcium channel	0
Prazepam	0.9662	carbonic anhydrase	0
Prazepam	0.9662	cholinergic receptor	0
Prazepam	0.9662	potassium channel	0
Prazepam	0.9662	other	0
Thiamylal	0.9655	gamma-aminobutyric acid (GABA) A receptor	0.91041
Thiamylal	0.9655	cytochrome P450	0.016867
Thiamylal	0.9655	sodium channel	0
Thiamylal	0.9655	glutamate receptor	0
Thiamylal	0.9655	calcium channel	0
Thiamylal	0.9655	carbonic anhydrase	0
Thiamylal	0.9655	cholinergic receptor	0
Thiamylal	0.9655	potassium channel	0.072728
Thiamylal	0.9655	other	0
Cinolazepam	0.9649	gamma-aminobutyric acid (GABA) A receptor	1
Cinolazepam	0.9649	cytochrome P450	0
Cinolazepam	0.9649	sodium channel	0
Cinolazepam	0.9649	glutamate receptor	0
Cinolazepam	0.9649	calcium channel	0
Cinolazepam	0.9649	carbonic anhydrase	0
Cinolazepam	0.9649	cholinergic receptor	0
Cinolazepam	0.9649	potassium channel	0
Cinolazepam	0.9649	other	0
Glutethimide	0.9642	gamma-aminobutyric acid (GABA) A receptor	0.83568
Glutethimide	0.9642	cytochrome P450	0.16432
Glutethimide	0.9642	sodium channel	0
Glutethimide	0.9642	glutamate receptor	0
Glutethimide	0.9642	calcium channel	0
Glutethimide	0.9642	carbonic anhydrase	0
Glutethimide	0.9642	cholinergic receptor	0
Glutethimide	0.9642	potassium channel	0
Glutethimide	0.9642	other	0
Isoflurane	0.9636	gamma-aminobutyric acid (GABA) A receptor	0.599
Isoflurane	0.9636	cytochrome P450	0.049151
Isoflurane	0.9636	sodium channel	0
Isoflurane	0.9636	glutamate receptor	0.078457
Isoflurane	0.9636	calcium channel	0
Isoflurane	0.9636	carbonic anhydrase	0
Isoflurane	0.9636	cholinergic receptor	0
Isoflurane	0.9636	potassium channel	0.21096
Isoflurane	0.9636	other	0.062425
Adinazolam	0.9629	gamma-aminobutyric acid (GABA) A receptor	0.93179
Adinazolam	0.9629	cytochrome P450	0.068206
Adinazolam	0.9629	sodium channel	0
Adinazolam	0.9629	glutamate receptor	0
Adinazolam	0.9629	calcium channel	0
Adinazolam	0.9629	carbonic anhydrase	0
Adinazolam	0.9629	cholinergic receptor	0
Adinazolam	0.9629	potassium channel	0
Adinazolam	0.9629	other	0
Quinidine	0.9623	gamma-aminobutyric acid (GABA) A receptor	0
Quinidine	0.9623	cytochrome P450	0.17783
Quinidine	0.9623	sodium channel	0.53096
Quinidine	0.9623	glutamate receptor	0
Quinidine	0.9623	calcium channel	0
Quinidine	0.9623	carbonic anhydrase	0
Quinidine	0.9623	cholinergic receptor	0.040321
Quinidine	0.9623	potassium channel	0.041342
Quinidine	0.9623	other	0.20955
Flunitrazepam	0.9616	gamma-aminobutyric acid (GABA) A receptor	0.60302
Flunitrazepam	0.9616	cytochrome P450	0.26856
Flunitrazepam	0.9616	sodium channel	0
Flunitrazepam	0.9616	glutamate receptor	0
Flunitrazepam	0.9616	calcium channel	0
Flunitrazepam	0.9616	carbonic anhydrase	0
Flunitrazepam	0.9616	cholinergic receptor	0
Flunitrazepam	0.9616	potassium channel	0
Flunitrazepam	0.9616	other	0.12842
Clozapine	0.961	gamma-aminobutyric acid (GABA) A receptor	0
Clozapine	0.961	cytochrome P450	0.34532
Clozapine	0.961	sodium channel	0
Clozapine	0.961	glutamate receptor	0
Clozapine	0.961	calcium channel	0
Clozapine	0.961	carbonic anhydrase	0
Clozapine	0.961	cholinergic receptor	0.17276
Clozapine	0.961	potassium channel	0
Clozapine	0.961	other	0.48192
Ethosuximide	0.9603	gamma-aminobutyric acid (GABA) A receptor	0
Ethosuximide	0.9603	cytochrome P450	0.31931
Ethosuximide	0.9603	sodium channel	0
Ethosuximide	0.9603	glutamate receptor	0
Ethosuximide	0.9603	calcium channel	0.62503
Ethosuximide	0.9603	carbonic anhydrase	0
Ethosuximide	0.9603	cholinergic receptor	0
Ethosuximide	0.9603	potassium channel	0
Ethosuximide	0.9603	other	0.055662
Trimethadione	0.9597	gamma-aminobutyric acid (GABA) A receptor	0
Trimethadione	0.9597	cytochrome P450	0.53863
Trimethadione	0.9597	sodium channel	0
Trimethadione	0.9597	glutamate receptor	0
Trimethadione	0.9597	calcium channel	0.46137
Trimethadione	0.9597	carbonic anhydrase	0
Trimethadione	0.9597	cholinergic receptor	0
Trimethadione	0.9597	potassium channel	0
Trimethadione	0.9597	other	0
Ketamine	0.959	gamma-aminobutyric acid (GABA) A receptor	0
Ketamine	0.959	cytochrome P450	0.18442
Ketamine	0.959	sodium channel	0
Ketamine	0.959	glutamate receptor	0.54295
Ketamine	0.959	calcium channel	0
Ketamine	0.959	carbonic anhydrase	0
Ketamine	0.959	cholinergic receptor	0
Ketamine	0.959	potassium channel	0
Ketamine	0.959	other	0.27263
Imipramine	0.9584	gamma-aminobutyric acid (GABA) A receptor	0
Imipramine	0.9584	cytochrome P450	0.39399
Imipramine	0.9584	sodium channel	0
Imipramine	0.9584	glutamate receptor	0
Imipramine	0.9584	calcium channel	0
Imipramine	0.9584	carbonic anhydrase	0
Imipramine	0.9584	cholinergic receptor	0.15121
Imipramine	0.9584	potassium channel	0.21289
Imipramine	0.9584	other	0.24191
Methazolamide	0.9577	gamma-aminobutyric acid (GABA) A receptor	0
Methazolamide	0.9577	cytochrome P450	0.24015
Methazolamide	0.9577	sodium channel	0
Methazolamide	0.9577	glutamate receptor	0
Methazolamide	0.9577	calcium channel	0
Methazolamide	0.9577	carbonic anhydrase	0.75136
Methazolamide	0.9577	cholinergic receptor	0
Methazolamide	0.9577	potassium channel	0
Methazolamide	0.9577	other	0.0084971
Ketazolam	0.9571	gamma-aminobutyric acid (GABA) A receptor	0.68402
Ketazolam	0.9571	cytochrome P450	0.04687
Ketazolam	0.9571	sodium channel	0
Ketazolam	0.9571	glutamate receptor	0
Ketazolam	0.9571	calcium channel	0
Ketazolam	0.9571	carbonic anhydrase	0
Ketazolam	0.9571	cholinergic receptor	0
Ketazolam	0.9571	potassium channel	0
Ketazolam	0.9571	other	0.26911
Etomidate	0.9564	gamma-aminobutyric acid (GABA) A receptor	0.66039
Etomidate	0.9564	cytochrome P450	0.068518
Etomidate	0.9564	sodium channel	0
Etomidate	0.9564	glutamate receptor	0
Etomidate	0.9564	calcium channel	0
Etomidate	0.9564	carbonic anhydrase	0
Etomidate	0.9564	cholinergic receptor	0
Etomidate	0.9564	potassium channel	0
Etomidate	0.9564	other	0.2711
Nortriptyline	0.9558	gamma-aminobutyric acid (GABA) A receptor	0
Nortriptyline	0.9558	cytochrome P450	0.42752
Nortriptyline	0.9558	sodium channel	0
Nortriptyline	0.9558	glutamate receptor	0
Nortriptyline	0.9558	calcium channel	0
Nortriptyline	0.9558	carbonic anhydrase	0
Nortriptyline	0.9558	cholinergic receptor	0.28149
Nortriptyline	0.9558	potassium channel	0
Nortriptyline	0.9558	other	0.29099
Clomipramine	0.9551	gamma-aminobutyric acid (GABA) A receptor	0
Clomipramine	0.9551	cytochrome P450	0.39443
Clomipramine	0.9551	sodium channel	0
Clomipramine	0.9551	glutamate receptor	0
Clomipramine	0.9551	calcium channel	0
Clomipramine	0.9551	carbonic anhydrase	0
Clomipramine	0.9551	cholinergic receptor	0
Clomipramine	0.9551	potassium channel	0
Clomipramine	0.9551	other	0.60557
Acetazolamide	0.9545	gamma-aminobutyric acid (GABA) A receptor	0
Acetazolamide	0.9545	cytochrome P450	0.025442
Acetazolamide	0.9545	sodium channel	0
Acetazolamide	0.9545	glutamate receptor	0
Acetazolamide	0.9545	calcium channel	0
Acetazolamide	0.9545	carbonic anhydrase	0.66137
Acetazolamide	0.9545	cholinergic receptor	0
Acetazolamide	0.9545	potassium channel	0
Acetazolamide	0.9545	other	0.31319
Enflurane	0.9538	gamma-aminobutyric acid (GABA) A receptor	0
Enflurane	0.9538	cytochrome P450	0.1259
Enflurane	0.9538	sodium channel	0
Enflurane	0.9538	glutamate receptor	0.22897
Enflurane	0.9538	calcium channel	0
Enflurane	0.9538	carbonic anhydrase	0
Enflurane	0.9538	cholinergic receptor	0
Enflurane	0.9538	potassium channel	0.49762
Enflurane	0.9538	other	0.14751
Modafinil	0.9532	gamma-aminobutyric acid (GABA) A receptor	0
Modafinil	0.9532	cytochrome P450	0.95561
Modafinil	0.9532	sodium channel	0
Modafinil	0.9532	glutamate receptor	0
Modafinil	0.9532	calcium channel	0
Modafinil	0.9532	carbonic anhydrase	0
Modafinil	0.9532	cholinergic receptor	0
Modafinil	0.9532	potassium channel	0
Modafinil	0.9532	other	0.044389
Phensuximide	0.9525	gamma-aminobutyric acid (GABA) A receptor	0
Phensuximide	0.9525	cytochrome P450	0.16678
Phensuximide	0.9525	sodium channel	0
Phensuximide	0.9525	glutamate receptor	0
Phensuximide	0.9525	calcium channel	0.83322
Phensuximide	0.9525	carbonic anhydrase	0
Phensuximide	0.9525	cholinergic receptor	0
Phensuximide	0.9525	potassium channel	0
Phensuximide	0.9525	other	0
Paramethadione	0.9519	gamma-aminobutyric acid (GABA) A receptor	0
Paramethadione	0.9519	cytochrome P450	0.2523
Paramethadione	0.9519	sodium channel	0
Paramethadione	0.9519	glutamate receptor	0
Paramethadione	0.9519	calcium channel	0.7477
Paramethadione	0.9519	carbonic anhydrase	0
Paramethadione	0.9519	cholinergic receptor	0
Paramethadione	0.9519	potassium channel	0
Paramethadione	0.9519	other	0
Verapamil	0.9512	gamma-aminobutyric acid (GABA) A receptor	0
Verapamil	0.9512	cytochrome P450	0.16257
Verapamil	0.9512	sodium channel	0.049088
Verapamil	0.9512	glutamate receptor	0
Verapamil	0.9512	calcium channel	0.60075
Verapamil	0.9512	carbonic anhydrase	0
Verapamil	0.9512	cholinergic receptor	0
Verapamil	0.9512	potassium channel	0.034644
Verapamil	0.9512	other	0.15294
Chlorthalidone	0.9506	gamma-aminobutyric acid (GABA) A receptor	0
Chlorthalidone	0.9506	cytochrome P450	0
Chlorthalidone	0.9506	sodium channel	0
Chlorthalidone	0.9506	glutamate receptor	0
Chlorthalidone	0.9506	calcium channel	0
Chlorthalidone	0.9506	carbonic anhydrase	0.96591
Chlorthalidone	0.9506	cholinergic receptor	0
Chlorthalidone	0.9506	potassium channel	0
Chlorthalidone	0.9506	other	0.034089
Indapamide	0.9499	gamma-aminobutyric acid (GABA) A receptor	0
Indapamide	0.9499	cytochrome P450	0.043091
Indapamide	0.9499	sodium channel	0
Indapamide	0.9499	glutamate receptor	0
Indapamide	0.9499	calcium channel	0
Indapamide	0.9499	carbonic anhydrase	0.89475
Indapamide	0.9499	cholinergic receptor	0
Indapamide	0.9499	potassium channel	0.049695
Indapamide	0.9499	other	0.012463
Antipyrine	0.9493	gamma-aminobutyric acid (GABA) A receptor	0
Antipyrine	0.9493	cytochrome P450	0.84251
Antipyrine	0.9493	sodium channel	0
Antipyrine	0.9493	glutamate receptor	0
Antipyrine	0.9493	calcium channel	0
Antipyrine	0.9493	carbonic anhydrase	0
Antipyrine	0.9493	cholinergic receptor	0
Antipyrine	0.9493	potassium channel	0
Antipyrine	0.9493	other	0.15749
Cyproheptadine	0.9486	gamma-aminobutyric acid (GABA) A receptor	0
Cyproheptadine	0.9486	cytochrome P450	0
Cyproheptadine	0.9486	sodium channel	0
Cyproheptadine	0.9486	glutamate receptor	0
Cyproheptadine	0.9486	calcium channel	0
Cyproheptadine	0.9486	carbonic anhydrase	0
Cyproheptadine	0.9486	cholinergic receptor	0.53451
Cyproheptadine	0.9486	potassium channel	0
Cyproheptadine	0.9486	other	0.46549
Isocarboxazid	0.948	gamma-aminobutyric acid (GABA) A receptor	0
Isocarboxazid	0.948	cytochrome P450	0
Isocarboxazid	0.948	sodium channel	0
Isocarboxazid	0.948	glutamate receptor	0
Isocarboxazid	0.948	calcium channel	0
Isocarboxazid	0.948	carbonic anhydrase	0
Isocarboxazid	0.948	cholinergic receptor	0
Isocarboxazid	0.948	potassium channel	0
Isocarboxazid	0.948	other	1
Bortezomib	0.9473	gamma-aminobutyric acid (GABA) A receptor	0
Bortezomib	0.9473	cytochrome P450	0.80387
Bortezomib	0.9473	sodium channel	0
Bortezomib	0.9473	glutamate receptor	0
Bortezomib	0.9473	calcium channel	0
Bortezomib	0.9473	carbonic anhydrase	0
Bortezomib	0.9473	cholinergic receptor	0
Bortezomib	0.9473	potassium channel	0
Bortezomib	0.9473	other	0.19613
Phenelzine	0.9467	gamma-aminobutyric acid (GABA) A receptor	0
Phenelzine	0.9467	cytochrome P450	0.33379
Phenelzine	0.9467	sodium channel	0
Phenelzine	0.9467	glutamate receptor	0
Phenelzine	0.9467	calcium channel	0
Phenelzine	0.9467	carbonic anhydrase	0
Phenelzine	0.9467	cholinergic receptor	0
Phenelzine	0.9467	potassium channel	0
Phenelzine	0.9467	other	0.66621
Diclofenamide	0.946	gamma-aminobutyric acid (GABA) A receptor	0
Diclofenamide	0.946	cytochrome P450	0.026135
Diclofenamide	0.946	sodium channel	0
Diclofenamide	0.946	glutamate receptor	0
Diclofenamide	0.946	calcium channel	0
Diclofenamide	0.946	carbonic anhydrase	0.97387
Diclofenamide	0.946	cholinergic receptor	0
Diclofenamide	0.946	potassium channel	0
Diclofenamide	0.946	other	0
Pregabalin	0.9454	gamma-aminobutyric acid (GABA) A receptor	0
Pregabalin	0.9454	cytochrome P450	0
Pregabalin	0.9454	sodium channel	0
Pregabalin	0.9454	glutamate receptor	0
Pregabalin	0.9454	calcium channel	0.74262
Pregabalin	0.9454	carbonic anhydrase	0
Pregabalin	0.9454	cholinergic receptor	0
Pregabalin	0.9454	potassium channel	0
Pregabalin	0.9454	other	0.25738
Hexobarbital	0.9447	gamma-aminobutyric acid (GABA) A receptor	0.3393
Hexobarbital	0.9447	cytochrome P450	0.12217
Hexobarbital	0.9447	sodium channel	0
Hexobarbital	0.9447	glutamate receptor	0.28145
Hexobarbital	0.9447	calcium channel	0
Hexobarbital	0.9447	carbonic anhydrase	0
Hexobarbital	0.9447	cholinergic receptor	0.21033
Hexobarbital	0.9447	potassium channel	0
Hexobarbital	0.9447	other	0.046755
Loxapine	0.9441	gamma-aminobutyric acid (GABA) A receptor	0
Loxapine	0.9441	cytochrome P450	0
Loxapine	0.9441	sodium channel	0
Loxapine	0.9441	glutamate receptor	0
Loxapine	0.9441	calcium channel	0
Loxapine	0.9441	carbonic anhydrase	0
Loxapine	0.9441	cholinergic receptor	0.40423
Loxapine	0.9441	potassium channel	0
Loxapine	0.9441	other	0.59577
Dalfampridine	0.9434	gamma-aminobutyric acid (GABA) A receptor	0
Dalfampridine	0.9434	cytochrome P450	0.11403
Dalfampridine	0.9434	sodium channel	0
Dalfampridine	0.9434	glutamate receptor	0
Dalfampridine	0.9434	calcium channel	0
Dalfampridine	0.9434	carbonic anhydrase	0
Dalfampridine	0.9434	cholinergic receptor	0
Dalfampridine	0.9434	potassium channel	0.86642
Dalfampridine	0.9434	other	0.019547
Phenazopyridine	0.9428	gamma-aminobutyric acid (GABA) A receptor	0
Phenazopyridine	0.9428	cytochrome P450	0
Phenazopyridine	0.9428	sodium channel	1
Phenazopyridine	0.9428	glutamate receptor	0
Phenazopyridine	0.9428	calcium channel	0
Phenazopyridine	0.9428	carbonic anhydrase	0
Phenazopyridine	0.9428	cholinergic receptor	0
Phenazopyridine	0.9428	potassium channel	0
Phenazopyridine	0.9428	other	0
Zopiclone	0.9421	gamma-aminobutyric acid (GABA) A receptor	0.8203
Zopiclone	0.9421	cytochrome P450	0.11351
Zopiclone	0.9421	sodium channel	0
Zopiclone	0.9421	glutamate receptor	0
Zopiclone	0.9421	calcium channel	0
Zopiclone	0.9421	carbonic anhydrase	0
Zopiclone	0.9421	cholinergic receptor	0
Zopiclone	0.9421	potassium channel	0
Zopiclone	0.9421	other	0.066192
Ranolazine	0.9415	gamma-aminobutyric acid (GABA) A receptor	0
Ranolazine	0.9415	cytochrome P450	0.11869
Ranolazine	0.9415	sodium channel	0.88131
Ranolazine	0.9415	glutamate receptor	0
Ranolazine	0.9415	calcium channel	0
Ranolazine	0.9415	carbonic anhydrase	0
Ranolazine	0.9415	cholinergic receptor	0
Ranolazine	0.9415	potassium channel	0
Ranolazine	0.9415	other	0
Amoxapine	0.9408	gamma-aminobutyric acid (GABA) A receptor	0.40009
Amoxapine	0.9408	cytochrome P450	0.048794
Amoxapine	0.9408	sodium channel	0
Amoxapine	0.9408	glutamate receptor	0
Amoxapine	0.9408	calcium channel	0
Amoxapine	0.9408	carbonic anhydrase	0
Amoxapine	0.9408	cholinergic receptor	0.10913
Amoxapine	0.9408	potassium channel	0
Amoxapine	0.9408	other	0.44198
Baclofen	0.9402	gamma-aminobutyric acid (GABA) A receptor	0
Baclofen	0.9402	cytochrome P450	0
Baclofen	0.9402	sodium channel	0
Baclofen	0.9402	glutamate receptor	0
Baclofen	0.9402	calcium channel	0
Baclofen	0.9402	carbonic anhydrase	0
Baclofen	0.9402	cholinergic receptor	0
Baclofen	0.9402	potassium channel	0
Baclofen	0.9402	other	1
Phenacemide	0.9395	gamma-aminobutyric acid (GABA) A receptor	0
Phenacemide	0.9395	cytochrome P450	0
Phenacemide	0.9395	sodium channel	1
Phenacemide	0.9395	glutamate receptor	0
Phenacemide	0.9395	calcium channel	0
Phenacemide	0.9395	carbonic anhydrase	0
Phenacemide	0.9395	cholinergic receptor	0
Phenacemide	0.9395	potassium channel	0
Phenacemide	0.9395	other	0
Eszopiclone	0.9389	gamma-aminobutyric acid (GABA) A receptor	0.8491
Eszopiclone	0.9389	cytochrome P450	0.080242
Eszopiclone	0.9389	sodium channel	0
Eszopiclone	0.9389	glutamate receptor	0
Eszopiclone	0.9389	calcium channel	0
Eszopiclone	0.9389	carbonic anhydrase	0
Eszopiclone	0.9389	cholinergic receptor	0
Eszopiclone	0.9389	potassium channel	0
Eszopiclone	0.9389	other	0.070657
Desipramine	0.9382	gamma-aminobutyric acid (GABA) A receptor	0
Desipramine	0.9382	cytochrome P450	0.49013
Desipramine	0.9382	sodium channel	0
Desipramine	0.9382	glutamate receptor	0
Desipramine	0.9382	calcium channel	0
Desipramine	0.9382	carbonic anhydrase	0
Desipramine	0.9382	cholinergic receptor	0.25943
Desipramine	0.9382	potassium channel	0
Desipramine	0.9382	other	0.25044
Dabrafenib	0.9376	gamma-aminobutyric acid (GABA) A receptor	0
Dabrafenib	0.9376	cytochrome P450	0.31796
Dabrafenib	0.9376	sodium channel	0
Dabrafenib	0.9376	glutamate receptor	0
Dabrafenib	0.9376	calcium channel	0
Dabrafenib	0.9376	carbonic anhydrase	0
Dabrafenib	0.9376	cholinergic receptor	0
Dabrafenib	0.9376	potassium channel	0
Dabrafenib	0.9376	other	0.68204
Rufinamide	0.9369	gamma-aminobutyric acid (GABA) A receptor	0
Rufinamide	0.9369	cytochrome P450	0.04
Rufinamide	0.9369	sodium channel	0.82146
Rufinamide	0.9369	glutamate receptor	0.10752
Rufinamide	0.9369	calcium channel	0
Rufinamide	0.9369	carbonic anhydrase	0
Rufinamide	0.9369	cholinergic receptor	0
Rufinamide	0.9369	potassium channel	0
Rufinamide	0.9369	other	0.031022
Memantine	0.9363	gamma-aminobutyric acid (GABA) A receptor	0
Memantine	0.9363	cytochrome P450	0.26001
Memantine	0.9363	sodium channel	0
Memantine	0.9363	glutamate receptor	0.7073
Memantine	0.9363	calcium channel	0
Memantine	0.9363	carbonic anhydrase	0
Memantine	0.9363	cholinergic receptor	0
Memantine	0.9363	potassium channel	0
Memantine	0.9363	other	0.032689
Zolpidem	0.9356	gamma-aminobutyric acid (GABA) A receptor	0.7408
Zolpidem	0.9356	cytochrome P450	0.22569
Zolpidem	0.9356	sodium channel	0
Zolpidem	0.9356	glutamate receptor	0
Zolpidem	0.9356	calcium channel	0
Zolpidem	0.9356	carbonic anhydrase	0
Zolpidem	0.9356	cholinergic receptor	0
Zolpidem	0.9356	potassium channel	0
Zolpidem	0.9356	other	0.033509
Acamprosate	0.935	gamma-aminobutyric acid (GABA) A receptor	0.30217
Acamprosate	0.935	cytochrome P450	0
Acamprosate	0.935	sodium channel	0
Acamprosate	0.935	glutamate receptor	0.60517
Acamprosate	0.935	calcium channel	0
Acamprosate	0.935	carbonic anhydrase	0
Acamprosate	0.935	cholinergic receptor	0
Acamprosate	0.935	potassium channel	0
Acamprosate	0.935	other	0.092663
